"request_time","latest_news__title","latest_news__url","latest_news__time","latest_news__from"
"1500537236.1195095","中国高速公路通车里程达13.1万公里 居世界第一","http://news.ifeng.com/a/20170715/51436994_0.shtml","2017-07-15 16:16:00","ifeng"
"","媒体：请北京大兴区把“外地人零指标”说清楚","http://news.ifeng.com/a/20170715/51436928_0.shtml","2017-07-15 15:56:00","ifeng"
"","北京四大市级机关今年底启动搬迁 进驻副中心","http://news.ifeng.com/a/20170715/51436922_0.shtml","2017-07-15 15:51:00","ifeng"
"","中国空军：本周多次远洋训练 检验海上实战能力","http://news.sina.com.cn/c/nd/2017-07-15/doc-ifyiakwa4192908.shtml","2017-07-15 15:41:50","Sina"
"","华裔飞行家在洛杉矶坠机身亡 事故原因尚不清楚","http://news.qq.com/a/20170715/026190.htm","2017-07-15 15:33:00","Tencent"
"","西方不在国内阅兵？美法总统又打脸某些中国人","http://news.sina.com.cn/c/nd/2017-07-15/doc-ifyiaewh9243938.shtml","2017-07-15 15:32:43","Sina"
"","北京媒体：请大兴区把“外地人零指标”说清楚","http://news.sina.com.cn/c/zs/2017-07-15/doc-ifyiaewh9243909.shtml","2017-07-15 15:31:48","Sina"
"","大型历史题材中国画《习仲勋在南梁》亮相广东美术百年大展","http://news.qq.com/a/20170715/026002.htm","2017-07-15 15:28:00","Tencent"
"","中国空军：本周多次进行远洋训练 检验了海上实战能力","http://news.qq.com/a/20170715/025893.htm","2017-07-15 15:26:00","Tencent"
"","全国高速公路通车里程达13.1万公里 居世界第一","http://news.sina.com.cn/o/2017-07-15/doc-ifyiamif3040853.shtml","2017-07-15 15:20:56","Sina"
